location,month,avg_new_cases
Bhutan,2021-01,6.5
Bhutan,2021-02,0.2857142857142857
Bhutan,2021-03,0.16129032258064516
Bhutan,2021-04,5
Bhutan,2021-05,14.307692307692308
