location,AVG(reproduction_rate)
Afghanistan,1.051471571906353
Bhutan,0.8064233576642337
Cambodia,1.0003999999999993
Georgia,1.1284745762711867
"Hong Kong",0
India,1.1755754475703337
Japan,1.135856164383562
